Year,ConversionFactor
1900,6.020000
1980,5.350000
1990,4.720000
2001,4.620000
2007,3.960000
